Shruti Chakraborty,schakraborty
Devanshu Kumar,dkumar7
S1 Kumar1,SK1
S2 Kumar2,SK2
S3 Kumar3,SK3
S4 Kumar4,SK4
S5 Kumar5,SK5
S6 Kumar6,SK6
S7 Kumar7,SK7
S8 Kumar8,SK8
S9 Kumar9,SK9
S10 Kumar10,SK10
Joe Biden,biden2
Jack Daniel,daniel1
Max Fallor,fallor1
Dev Kumran,kumaran
Shruti Chalk,chalk
Kiran Raja,kraj
Stefano Forest,forest
Alejandero Gonzalas,gonzalas
DB Xi,xi
Kiran Raj,kraj
Bob Smith,bsmith
Daniel Disks,ddisks
Baskin Robbins,brobbins
Blake Smith,bsmith
Jake Smith,jsmith
Jake Smith,jsmith
Jason Bourne,jbourne
Tony Stark,tstark
Kim Ly,kly
George Bubbles,gbubbles
Jon Do,do2